{
	"description": "项目配置文件。",
	"setting": {
		"urlCheck": false,
		"es6": false,
		"postcss": true,
		"minified": true,
		"newFeature": true,
		"autoAudits": false
	},
	"miniprogramRoot": "dist/wx/",
	"compileType": "miniprogram",
	"appid": "wxfb52f2d7b2f6123a",
	"projectname": "myshop",
	"condition": {
		"search": {
			"current": -1,
			"list": []
		},
		"conversation": {
			"current": -1,
			"list": []
		},
		"plugin": {
			"current": -1,
			"list": []
		},
		"game": {
			"currentL": -1,
			"list": []
		},
		"miniprogram": {
			"current": 1,
			"list": [
				{
					"id": -1,
					"name": "cate",
					"pathName": "pages/category/main",
					"query": "",
					"scene": null
				},
				{
					"id": -1,
					"name": "order",
					"pathName": "pages/order/main",
					"query": "order_num=HMDD20190406000000000717",
					"scene": null
				}
			]
		}
	}
}